Donors,HLA-A_Allele1,HLA-A_Allele2,HLA-B_Allele1,HLA-B_Allele2,HLA-C_Allele1,HLA-C_Allele2,HLA-DRB1_Allele1,HLA-DRB1_Allele2,HLA-DQB1_Allele1,HLA-DQB1_Allele2
D1,A*02:01,A*24:02,B*44:02,B*07:02,C*05:01,C*07:02,DRB1*15:01,DRB1*04:01,DQB1*06:02,DQB1*03:01
D2,A*01:01,A*03:01,B*08:01,B*35:01,C*07:01,C*04:01,DRB1*03:01,DRB1*01:01,DQB1*02:01,DQB1*05:01
D3,A*11:01,A*02:01,B*15:01,B*51:01,C*03:04,C*12:03,DRB1*07:01,DRB1*13:01,DQB1*02:02,DQB1*06:03
D4,A*26:01,A*30:01,B*27:05,B*58:01,C*01:02,C*06:02,DRB1*04:04,DRB1*08:01,DQB1*04:02,DQB1*03:02
D5,A*31:01,A*68:01,B*13:01,B*40:01,C*15:02,C*02:02,DRB1*11:01,DRB1*09:01,DQB1*03:01,DQB1*03:03
D6,A*29:02,A*02:01,B*18:01,B*44:02,C*16:01,C*05:01,DRB1*10:01,DRB1*15:01,DQB1*05:02,DQB1*06:02
D7,A*24:02,A*01:01,B*38:01,B*07:02,C*17:01,C*07:01,DRB1*03:01,DRB1*07:01,DQB1*02:01,DQB1*02:02
D8,A*33:01,A*66:01,B*57:01,B*15:01,C*06:02,C*03:04,DRB1*04:01,DRB1*13:01,DQB1*03:02,DQB1*06:03
D9,A*02:01,A*23:01,B*53:01,B*08:01,C*07:02,C*07:01,DRB1*01:01,DRB1*11:01,DQB1*05:01,DQB1*03:01
D10,A*03:01,A*11:01,B*44:02,B*35:01,C*05:01,C*04:01,DRB1*15:01,DRB1*07:01,DQB1*06:02,DQB1*02:02
