Recipient,HLA-A Allele 1,HLA-A Allele 2,HLA-B Allele 1,HLA-B Allele 2,HLA-C Allele 1,HLA-C Allele 2,HLA-DRB1 Allele 1,HLA-DRB1 Allele 2,HLA-DQB1 Allele 1,HLA-DQB1 Allele 2
R1,A*24:02,B*44:02,C*07:01,C*12:03,DRB1*04:01,DRB1*15:01,DQB1*06:02,B*07:02,A*02:01,DQB1*03:01
R2,A*11:01,B*08:01,C*04:01,C*07:02,DRB1*01:01,DRB1*03:01,DQB1*02:01,B*35:01,A*03:01,DQB1*05:01
R3,A*26:01,B*15:01,C*06:02,C*03:04,DRB1*07:01,DRB1*11:01,DQB1*03:02,B*51:01,A*01:01,DQB1*02:02
R4,A*02:01,B*57:01,C*05:01,C*02:02,DRB1*09:01,DRB1*13:01,DQB1*06:03,B*18:01,A*30:01,DQB1*03:03
R5,A*29:02,B*38:01,C*08:02,C*18:01,DRB1*03:01,DRB1*11:04,DQB1*03:02,B*14:02,A*01:01,DQB1*02:01
R6,A*03:01,B*58:01,C*01:02,C*15:02,DRB1*12:02,DRB1*15:01,DQB1*03:01,B*44:03,A*24:02,DQB1*06:01
R7,A*31:01,B*07:02,C*07:01,C*04:01,DRB1*04:04,DRB1*14:01,DQB1*05:03,B*53:01,A*02:02,DQB1*03:01
R8,A*25:01,B*41:01,C*17:01,C*16:01,DRB1*10:01,DRB1*13:02,DQB1*06:09,B*50:01,A*33:01,DQB1*05:01
R9,A*02:01,B*13:02,C*03:04,C*08:02,DRB1*08:01,DRB1*16:02,DQB1*05:02,B*40:01,A*68:01,DQB1*04:02
